                  epoch,         train/box_loss,         train/cls_loss,         train/dfl_loss,   metrics/precision(B),      metrics/recall(B),       metrics/mAP50(B),    metrics/mAP50-95(B),           val/box_loss,           val/cls_loss,           val/dfl_loss,                 lr/pg0,                 lr/pg1,                 lr/pg2
                      1,                0.77891,                 2.6888,                 1.0258,                0.90933,                0.74444,                0.87814,                0.70846,                0.74653,                 2.4183,                  1.017,             0.00046346,             0.00046346,             0.00046346
                      2,                0.89882,                 1.5043,                 1.0524,                0.80101,                    0.6,                0.67324,                0.51073,                 1.0192,                 2.5909,                 1.3955,             0.00093886,             0.00093886,             0.00093886
                      3,                 0.9911,                  1.415,                 1.1174,                0.09271,                0.38333,                0.05991,                0.04314,                 1.1152,                 10.691,                 1.3072,              0.0014133,              0.0014133,              0.0014133
                      4,                 0.9678,                 1.7217,                 1.0604,                 0.2534,                0.61213,                0.22392,                0.16907,                 1.1157,                 28.614,                 1.4966,              0.0014248,              0.0014248,              0.0014248
                      5,                0.97223,                 1.5791,                 1.1118,                0.22055,                0.44444,                0.14425,                0.09646,                 1.2312,                 24.182,                 1.4619,              0.0014248,              0.0014248,              0.0014248
                      6,                0.97583,                 1.4768,                 1.0776,                0.49103,                0.73333,                0.53252,                0.41731,                0.87526,                 4.1945,                 1.1697,              0.0014233,              0.0014233,              0.0014233
                      7,                0.97692,                 1.0154,                 1.0636,                0.24749,                0.24444,                0.10135,                0.07389,                 2.5063,                 43.599,                  3.559,              0.0014219,              0.0014219,              0.0014219
                      8,                 0.9178,                0.98439,                 1.0514,                0.94063,                0.68606,                0.75176,                0.63674,                0.75362,                 1.3417,                 1.0703,              0.0014205,              0.0014205,              0.0014205
                      9,                0.87837,                0.83857,                 1.0414,                0.34486,                0.42222,                0.26044,                0.21391,                0.98086,                 3.9246,                 1.5519,              0.0014191,              0.0014191,              0.0014191
                     10,                 0.8783,                0.78211,                 1.0561,                0.81498,                0.50419,                0.62246,                0.50563,                 1.1695,                  1.578,                 1.5323,              0.0014177,              0.0014177,              0.0014177
                     11,                0.94091,                  0.812,                 1.0651,                0.75373,                0.70061,                0.85271,                0.64652,                0.82326,                 3.6429,                 1.1189,              0.0014163,              0.0014163,              0.0014163
                     12,                0.84583,                0.70069,                 1.0506,                0.90445,                0.80938,                  0.843,                0.71202,                0.78514,                  1.224,                  1.126,              0.0014149,              0.0014149,              0.0014149
                     13,                0.88463,                0.83954,                  1.054,                0.92837,                0.95668,                0.97297,                 0.8217,                0.68079,                0.70873,                 1.0188,              0.0014134,              0.0014134,              0.0014134
                     14,                0.84339,                0.73636,                 1.0475,                0.60188,                0.83333,                 0.7378,                0.66076,                0.60327,                 1.6397,                0.99379,               0.001412,               0.001412,               0.001412
                     15,                0.84807,                 0.7334,                  1.032,                0.98471,                0.90847,                0.98894,                0.84311,                0.65503,                0.56158,                 1.0168,              0.0014106,              0.0014106,              0.0014106
                     16,                0.83307,                0.67712,                 1.0098,                0.96615,                0.87496,                0.94501,                0.78656,                0.65449,                0.70857,                 1.0496,              0.0014092,              0.0014092,              0.0014092
                     17,                0.86835,                0.70357,                 1.0091,                0.98092,                0.97279,                  0.995,                 0.8394,                0.69451,                0.55945,                 1.0302,              0.0014078,              0.0014078,              0.0014078
                     18,                 0.8222,                0.62865,                 1.0163,                0.97809,                0.96667,                0.99197,                 0.8382,                0.64199,                0.52906,                 1.0063,              0.0014064,              0.0014064,              0.0014064
                     19,                0.77414,                0.62484,                 1.0101,                0.97176,                0.94189,                0.99197,                0.89106,                0.58554,                0.44326,                0.96239,              0.0014049,              0.0014049,              0.0014049
                     20,                0.74056,                0.53939,                0.97931,                0.98235,                0.96667,                0.98389,                0.88754,                0.53506,                 0.4944,                0.93609,              0.0014035,              0.0014035,              0.0014035
                     21,                0.81282,                0.57537,                 1.0191,                0.96414,                0.97997,                  0.995,                0.87649,                0.58114,                0.48351,                0.95743,              0.0014021,              0.0014021,              0.0014021
                     22,                0.77934,                0.60999,                0.99315,                 0.9574,                0.96667,                0.99197,                0.85822,                0.61082,                0.54945,                0.97474,              0.0014007,              0.0014007,              0.0014007
                     23,                0.85908,                0.65983,                 1.0139,                0.94555,                0.96667,                0.98731,                0.81578,                0.69087,                0.51694,                 1.0189,              0.0013993,              0.0013993,              0.0013993
                     24,                0.87595,                 0.5838,                 1.0322,                0.96284,                0.96667,                0.96861,                0.86061,                 0.5579,                 0.4223,                0.94548,              0.0013979,              0.0013979,              0.0013979
                     25,                0.78801,                0.55627,                 1.0177,                 0.9706,                0.97222,                0.99295,                0.87668,                0.60954,                0.42652,                0.95156,              0.0013965,              0.0013965,              0.0013965
                     26,                0.79186,                0.54683,                 1.0076,                0.98625,                      1,                  0.995,                0.87959,                0.60894,                0.45912,                0.94893,               0.001395,               0.001395,               0.001395
                     27,                0.88231,                 0.6317,                 1.0916,                0.94895,                0.99968,                0.99295,                0.86578,                0.60247,                0.46276,                0.97398,              0.0013936,              0.0013936,              0.0013936
                     28,                0.71598,                0.56056,                0.94975,                0.90088,                      1,                0.98594,                0.86746,                0.55931,                0.55827,                0.94565,              0.0013922,              0.0013922,              0.0013922
                     29,                0.79758,                0.58731,                0.99855,                0.96155,                 0.9944,                0.99295,                 0.8513,                0.59659,                0.44507,                0.96682,              0.0013908,              0.0013908,              0.0013908
                     30,                0.77516,                0.56944,                 1.0092,                0.95845,                0.96475,                0.98739,                0.88253,                0.56311,                0.44768,                0.93685,              0.0013894,              0.0013894,              0.0013894
                     31,                0.78844,                0.55906,                 1.0065,                0.97297,                0.96667,                0.98944,                 0.8756,                0.55109,                0.57627,                0.93667,               0.001388,               0.001388,               0.001388
                     32,                0.76613,                0.51782,                  0.989,                0.96696,                0.99443,                  0.995,                0.87182,                0.56291,                0.69639,                0.94721,              0.0013866,              0.0013866,              0.0013866
                     33,                0.73676,                0.49223,                 0.9655,                0.95223,                0.99549,                  0.995,                0.86006,                 0.5917,                0.50295,                0.94762,              0.0013851,              0.0013851,              0.0013851
                     34,                0.74943,                0.48743,                0.96836,                0.95917,                      1,                  0.995,                0.89326,                0.54024,                0.41144,                0.93676,              0.0013837,              0.0013837,              0.0013837
                     35,                0.71009,                0.47948,                0.98724,                0.98273,                      1,                  0.995,                0.88095,                0.54471,                0.40211,                0.93227,              0.0013823,              0.0013823,              0.0013823
                     36,                0.74549,                0.46739,                0.98697,                0.96974,                      1,                  0.995,                0.89615,                0.54344,                0.36242,                0.94268,              0.0013809,              0.0013809,              0.0013809
                     37,                0.74771,                0.51094,                0.98768,                0.98337,                      1,                  0.995,                0.88237,                0.57341,                0.52459,                0.96394,              0.0013795,              0.0013795,              0.0013795
                     38,                0.71241,                0.49897,                0.96693,                0.96364,                      1,                0.99295,                0.85731,                0.62082,                0.54897,                0.96669,              0.0013781,              0.0013781,              0.0013781
                     39,                0.73527,                0.54039,                0.99535,                0.98422,                      1,                  0.995,                0.89128,                0.57383,                0.35103,                0.93645,              0.0013767,              0.0013767,              0.0013767
                     40,                0.72882,                0.50069,                0.99224,                0.99203,                      1,                  0.995,                0.88671,                0.52879,                0.34275,                0.92692,              0.0013752,              0.0013752,              0.0013752
                     41,                0.67428,                0.46671,                0.95529,                0.98297,                0.99763,                  0.995,                0.90238,                0.48411,                0.34388,                0.90814,              0.0013738,              0.0013738,              0.0013738
                     42,                 0.7154,                0.49669,                0.97428,                0.99137,                0.99335,                  0.995,                0.89331,                 0.5027,                 0.3748,                0.92059,              0.0013724,              0.0013724,              0.0013724
                     43,                0.70907,                0.50946,                 0.9739,                0.98895,                      1,                  0.995,                0.89161,                0.52802,                0.34187,                 0.9234,               0.001371,               0.001371,               0.001371
                     44,                0.70621,                 0.4654,                0.96809,                0.98111,                0.99613,                  0.995,                0.87504,                0.54751,                0.34209,                0.92757,              0.0013696,              0.0013696,              0.0013696
                     45,                0.69529,                0.46939,                0.95744,                0.97887,                0.96667,                0.99197,                0.88566,                0.51524,                0.36204,                0.91536,              0.0013682,              0.0013682,              0.0013682
                     46,                0.73611,                0.47584,                0.96462,                0.98904,                      1,                  0.995,                0.90055,                0.50475,                0.47689,                0.91321,              0.0013668,              0.0013668,              0.0013668
                     47,                0.70361,                0.46623,                0.95599,                0.98114,                0.90357,                  0.995,                 0.8571,                0.61046,                0.38868,                0.95027,              0.0013653,              0.0013653,              0.0013653
                     48,                0.72845,                0.47621,                  0.968,                0.99121,                      1,                  0.995,                0.88982,                 0.5456,                0.33469,                0.93424,              0.0013639,              0.0013639,              0.0013639
                     49,                0.72289,                0.48379,                0.97699,                0.97984,                      1,                  0.995,                0.87761,                0.54763,                 0.3408,                0.93263,              0.0013625,              0.0013625,              0.0013625
                     50,                0.71086,                0.45601,                0.96763,                0.97076,                0.97923,                  0.995,                0.89051,                0.51291,                0.34124,                0.91719,              0.0013611,              0.0013611,              0.0013611
                     51,                0.73066,                0.48081,                0.94344,                0.98494,                0.98492,                  0.995,                0.89614,                0.51955,                 0.4711,                 0.9044,              0.0013597,              0.0013597,              0.0013597
                     52,                0.70904,                0.45643,                0.96485,                0.99057,                      1,                  0.995,                0.88032,                0.54651,                0.32615,                0.92027,              0.0013583,              0.0013583,              0.0013583
                     53,                0.67866,                0.44369,                0.93397,                 0.9892,                      1,                  0.995,                0.89754,                0.49631,                0.34491,                0.91984,              0.0013568,              0.0013568,              0.0013568
                     54,                0.68381,                0.44781,                0.97779,                0.97134,                0.99896,                  0.995,                0.90238,                0.48627,                0.39513,                0.91255,              0.0013554,              0.0013554,              0.0013554
                     55,                0.66141,                0.42544,                0.92931,                 0.9887,                      1,                  0.995,                0.90073,                0.51097,                0.35382,                0.92912,               0.001354,               0.001354,               0.001354
                     56,                0.65872,                0.43459,                0.94956,                0.97888,                      1,                  0.995,                0.89224,                0.55029,                0.33155,                0.94842,              0.0013526,              0.0013526,              0.0013526
                     57,                0.69259,                 0.4353,                0.96576,                0.98675,                      1,                  0.995,                0.88308,                0.55818,                0.32642,                0.94747,              0.0013512,              0.0013512,              0.0013512
                     58,                0.65141,                0.45594,                  0.939,                0.98115,                0.96622,                  0.995,                0.88993,                0.51383,                0.36068,                0.92278,              0.0013498,              0.0013498,              0.0013498
                     59,                0.66159,                  0.451,                0.95586,                0.99383,                      1,                  0.995,                0.91281,                0.49087,                0.30342,                0.91061,              0.0013484,              0.0013484,              0.0013484
                     60,                0.64084,                0.44119,                 0.9219,                0.98018,                      1,                  0.995,                0.90061,                0.52447,                0.33241,                 0.9395,              0.0013469,              0.0013469,              0.0013469
                     61,                0.66344,                0.40609,                0.94152,                 0.9864,                      1,                  0.995,                 0.9099,                0.49644,                0.34367,                 0.9254,              0.0013455,              0.0013455,              0.0013455
                     62,                0.66695,                0.44408,                0.97321,                0.98317,                      1,                  0.995,                0.89134,                0.50503,                  0.335,                 0.9088,              0.0013441,              0.0013441,              0.0013441
                     63,                0.68083,                0.44715,                0.94695,                0.99021,                      1,                  0.995,                0.90015,                0.50003,                0.35938,                0.90942,              0.0013427,              0.0013427,              0.0013427
                     64,                0.69709,                0.44522,                0.96225,                0.98864,                0.99522,                  0.995,                 0.8992,                0.51879,                0.34251,                0.91543,              0.0013413,              0.0013413,              0.0013413
                     65,                0.66293,                0.42938,                0.95629,                0.99257,                0.97542,                  0.995,                 0.9133,                0.46772,                0.30222,                0.89555,              0.0013399,              0.0013399,              0.0013399
                     66,                0.64079,                0.43388,                0.94041,                0.99104,                0.97666,                  0.995,                0.90207,                0.46144,                0.31364,                 0.8898,              0.0013385,              0.0013385,              0.0013385
                     67,                0.63297,                0.40518,                0.93637,                0.98007,                0.99726,                  0.995,                0.91749,                0.45808,                0.30175,                0.89122,               0.001337,               0.001337,               0.001337
                     68,                0.68461,                0.42195,                0.94971,                0.98744,                      1,                  0.995,                0.89836,                0.50454,                0.31086,                0.91631,              0.0013356,              0.0013356,              0.0013356
                     69,                0.65006,                0.42503,                0.93385,                0.98776,                      1,                  0.995,                0.90089,                0.46967,                0.30168,                0.90448,              0.0013342,              0.0013342,              0.0013342
                     70,                0.65192,                0.41964,                0.92664,                0.99178,                      1,                  0.995,                 0.9099,                0.47613,                0.31354,                0.90234,              0.0013328,              0.0013328,              0.0013328
                     71,                0.64523,                0.42317,                0.94231,                0.98674,                      1,                  0.995,                0.91291,                 0.4723,                0.31449,                0.90064,              0.0013314,              0.0013314,              0.0013314
                     72,                0.63243,                0.40861,                0.94346,                0.98559,                      1,                  0.995,                0.90996,                  0.484,                0.28114,                0.90165,                0.00133,                0.00133,                0.00133
                     73,                0.63363,                0.40974,                0.95595,                0.99065,                      1,                  0.995,                0.89886,                0.48207,                0.29667,                0.90096,              0.0013286,              0.0013286,              0.0013286
                     74,                0.65134,                 0.4082,                0.94957,                0.98452,                0.99723,                  0.995,                0.90199,                0.51428,                0.31378,                0.91791,              0.0013271,              0.0013271,              0.0013271
                     75,                0.65049,                0.39317,                0.92418,                0.97116,                0.98849,                  0.995,                0.88053,                0.52435,                0.32321,                0.91497,              0.0013257,              0.0013257,              0.0013257
                     76,                0.67297,                0.40589,                0.96061,                 0.9865,                      1,                  0.995,                0.89366,                0.50643,                0.31056,                0.91835,              0.0013243,              0.0013243,              0.0013243
                     77,                0.68234,                0.42765,                0.94851,                0.98767,                0.99979,                  0.995,                0.91543,                0.48913,                0.29123,                0.91779,              0.0013229,              0.0013229,              0.0013229
                     78,                0.66022,                0.41511,                0.95853,                0.99079,                      1,                  0.995,                0.91266,                 0.4543,                0.29021,                0.89847,              0.0013215,              0.0013215,              0.0013215
                     79,                0.63049,                0.39685,                0.94217,                0.99227,                      1,                  0.995,                0.90472,                0.47237,                0.30608,                0.89838,              0.0013201,              0.0013201,              0.0013201
                     80,                0.63458,                0.40457,                0.92334,                0.98522,                      1,                  0.995,                0.90604,                0.45384,                0.32212,                0.89159,              0.0013187,              0.0013187,              0.0013187
                     81,                0.64661,                0.42555,                0.95091,                0.97548,                 0.9964,                  0.995,                0.89537,                 0.4654,                0.31114,                0.89346,              0.0013172,              0.0013172,              0.0013172
                     82,                 0.6447,                0.41859,                  0.975,                0.99048,                      1,                  0.995,                0.89222,                 0.4851,                0.30242,                0.89781,              0.0013158,              0.0013158,              0.0013158
                     83,                0.63761,                0.41701,                0.92932,                0.97979,                      1,                  0.995,                0.89246,                  0.491,                0.31688,                0.90277,              0.0013144,              0.0013144,              0.0013144
                     84,                0.65013,                0.42883,                 0.9543,                0.96436,                0.99753,                  0.995,                0.91311,                0.50267,                0.33515,                0.90531,               0.001313,               0.001313,               0.001313
                     85,                0.68583,                0.44496,                0.97049,                0.99459,                      1,                  0.995,                0.90275,                0.48639,                0.28197,                0.90739,              0.0013116,              0.0013116,              0.0013116
                     86,                0.60973,                0.39259,                0.93407,                0.99428,                      1,                  0.995,                0.91882,                0.48456,                0.27464,                0.90976,              0.0013102,              0.0013102,              0.0013102
                     87,                0.59166,                0.40724,                0.95022,                0.99065,                      1,                  0.995,                0.91184,                0.46484,                0.28098,                0.90196,              0.0013087,              0.0013087,              0.0013087
                     88,                0.61319,                0.39532,                 0.9038,                0.99014,                      1,                  0.995,                0.91718,                0.46891,                0.27663,                0.89856,              0.0013073,              0.0013073,              0.0013073
                     89,                0.64109,                0.41284,                0.92873,                0.94926,                0.98965,                  0.995,                0.87429,                 0.5322,                0.33428,                0.93811,              0.0013059,              0.0013059,              0.0013059
                     90,                0.63936,                0.40366,                0.93341,                0.97588,                      1,                  0.995,                0.91171,                0.45272,                0.29056,                0.89478,              0.0013045,              0.0013045,              0.0013045
                     91,                0.62186,                0.40493,                0.94661,                0.98442,                      1,                  0.995,                0.89856,                0.46558,                0.26321,                0.90354,              0.0013031,              0.0013031,              0.0013031
                     92,                0.59813,                0.37691,                0.91961,                0.98741,                      1,                  0.995,                0.92352,                0.44269,                0.27532,                0.88515,              0.0013017,              0.0013017,              0.0013017
                     93,                0.62652,                0.37286,                0.92777,                0.98967,                      1,                  0.995,                0.92407,                0.44028,                0.25782,                0.88447,              0.0013003,              0.0013003,              0.0013003
                     94,                0.59866,                0.39252,                0.91947,                0.98918,                      1,                  0.995,                0.89247,                0.52199,                0.26853,                0.91242,              0.0012988,              0.0012988,              0.0012988
                     95,                0.65119,                0.40169,                0.93465,                0.99144,                      1,                  0.995,                0.90673,                0.49821,                0.28704,                0.89792,              0.0012974,              0.0012974,              0.0012974
                     96,                0.62563,                0.39456,                0.94255,                0.99057,                      1,                  0.995,                0.89682,                0.49503,                0.28694,                0.91445,               0.001296,               0.001296,               0.001296
                     97,                0.57569,                0.36655,                0.91476,                0.98852,                      1,                  0.995,                 0.9199,                0.51162,                0.28257,                0.93612,              0.0012946,              0.0012946,              0.0012946
                     98,                 0.6277,                0.37224,                0.94546,                0.99017,                      1,                  0.995,                 0.8984,                0.47993,                0.28118,                0.90744,              0.0012932,              0.0012932,              0.0012932
                     99,                0.62919,                0.38762,                0.94499,                0.99317,                      1,                  0.995,                0.90589,                0.50881,                0.28884,                0.91806,              0.0012918,              0.0012918,              0.0012918
                    100,                0.62125,                 0.3844,                 0.9158,                0.98961,                      1,                  0.995,                0.88905,                0.50096,                0.28743,                0.92963,              0.0012904,              0.0012904,              0.0012904
                    101,                0.58841,                0.37904,                0.91376,                0.99286,                      1,                  0.995,                0.89958,                0.47495,                 0.2773,                0.91033,              0.0012889,              0.0012889,              0.0012889
                    102,                0.58967,                0.36133,                0.90751,                 0.9778,                      1,                  0.995,                0.90084,                0.45742,                0.27356,                0.90478,              0.0012875,              0.0012875,              0.0012875
                    103,                0.59849,                0.35537,                0.93106,                0.98616,                      1,                  0.995,                0.89421,                0.48396,                0.27227,                0.91091,              0.0012861,              0.0012861,              0.0012861
                    104,                0.59278,                0.36994,                0.93369,                 0.9851,                      1,                  0.995,                0.89534,                0.48053,                0.27596,                0.89639,              0.0012847,              0.0012847,              0.0012847
                    105,                0.61737,                0.37421,                0.93077,                0.99142,                      1,                  0.995,                0.89128,                0.47811,                0.26306,                0.89671,              0.0012833,              0.0012833,              0.0012833
                    106,                0.60268,                0.36196,                0.92984,                0.99002,                      1,                  0.995,                0.91703,                0.45738,                 0.2586,                0.88847,              0.0012819,              0.0012819,              0.0012819
                    107,                0.60801,                0.39059,                0.91572,                0.99114,                0.97583,                  0.995,                0.90863,                0.50993,                0.29627,                0.91038,              0.0012805,              0.0012805,              0.0012805
                    108,                0.59353,                0.37416,                0.92067,                0.95504,                0.96775,                0.97328,                0.88323,                0.52203,                0.39461,                0.92847,               0.001279,               0.001279,               0.001279
                    109,                0.58574,                0.38154,                0.92194,                0.99091,                      1,                  0.995,                0.92418,                0.46943,                0.30387,                0.89688,              0.0012776,              0.0012776,              0.0012776
                    110,                0.60076,                0.37624,                0.94137,                0.98602,                0.97222,                0.99295,                0.90872,                 0.4637,                0.30751,                0.91244,              0.0012762,              0.0012762,              0.0012762
                    111,                0.58107,                0.34927,                  0.928,                0.92538,                      1,                  0.995,                0.94082,                0.43771,                0.27832,                0.89193,              0.0012748,              0.0012748,              0.0012748
                    112,                0.55957,                 0.3439,                0.90193,                 0.9792,                0.97443,                  0.995,                0.92167,                0.44949,                0.27881,                0.89126,              0.0012734,              0.0012734,              0.0012734
                    113,                0.59395,                 0.3654,                0.91854,                0.98998,                 0.9763,                  0.995,                0.93892,                0.41186,                 0.2728,                0.87788,               0.001272,               0.001272,               0.001272
                    114,                0.64367,                0.39515,                0.94855,                0.96751,                      1,                  0.995,                0.91317,                0.46975,                0.29823,                0.89807,              0.0012706,              0.0012706,              0.0012706
                    115,                0.61202,                 0.3846,                0.91295,                 0.9833,                      1,                  0.995,                0.90282,                 0.4868,                0.29919,                0.90935,              0.0012691,              0.0012691,              0.0012691
                    116,                0.59808,                0.37194,                0.92871,                0.99033,                0.97222,                 0.9717,                0.89008,                0.48263,                0.35586,                0.89573,              0.0012677,              0.0012677,              0.0012677
                    117,                0.60088,                0.37754,                 0.9196,                0.99177,                0.97222,                0.99295,                 0.9297,                0.42676,                0.29406,                0.88348,              0.0012663,              0.0012663,              0.0012663
                    118,                0.61093,                0.37954,                0.92615,                0.96709,                      1,                  0.995,                0.91037,                0.46374,                0.30971,                0.90549,              0.0012649,              0.0012649,              0.0012649
                    119,                0.58019,                0.35648,                0.91066,                0.96821,                      1,                  0.995,                0.90411,                0.46035,                0.35372,                 0.8883,              0.0012635,              0.0012635,              0.0012635
                    120,                0.59378,                0.34714,                0.94158,                0.95608,                0.97222,                0.98897,                0.89729,                0.45061,                0.34941,                0.88342,              0.0012621,              0.0012621,              0.0012621
                    121,                0.59583,                0.36997,                0.92211,                0.98584,                0.97222,                0.99295,                0.90858,                0.46484,                 0.3049,                0.89556,              0.0012606,              0.0012606,              0.0012606
                    122,                0.58673,                0.36428,                0.93442,                0.98608,                      1,                  0.995,                0.90395,                0.48729,                0.29711,                0.89943,              0.0012592,              0.0012592,              0.0012592
                    123,                0.58187,                0.36571,                 0.9178,                0.98745,                      1,                  0.995,                0.92394,                0.44685,                0.26148,                0.88585,              0.0012578,              0.0012578,              0.0012578
                    124,                0.64432,                0.40838,                0.95886,                0.99086,                      1,                  0.995,                0.89913,                0.46791,                0.28705,                0.89069,              0.0012564,              0.0012564,              0.0012564
                    125,                0.56733,                0.35073,                0.93035,                0.97827,                      1,                  0.995,                0.92717,                0.44655,                  0.309,                0.88487,               0.001255,               0.001255,               0.001255
                    126,                 0.5912,                0.35222,                0.92026,                 0.9868,                 0.9759,                  0.995,                0.92618,                0.42487,                0.31389,                0.88484,              0.0012536,              0.0012536,              0.0012536
                    127,                0.58291,                0.36579,                0.92688,                0.97011,                 0.9962,                  0.995,                0.93219,                0.42835,                0.28627,                0.88262,              0.0012522,              0.0012522,              0.0012522
                    128,                 0.5938,                0.36189,                0.93702,                0.97513,                      1,                  0.995,                0.93335,                0.43298,                0.25653,                0.88959,              0.0012507,              0.0012507,              0.0012507
                    129,                0.56338,                0.35147,                0.89609,                0.97199,                0.99617,                  0.995,                0.91959,                0.44134,                0.26593,                0.88085,              0.0012493,              0.0012493,              0.0012493
                    130,                0.55837,                0.35793,                0.90227,                0.98003,                0.99578,                  0.995,                0.92019,                0.47442,                0.27244,                0.89977,              0.0012479,              0.0012479,              0.0012479
                    131,                0.58505,                0.36432,                0.91332,                0.97524,                0.99576,                  0.995,                0.90189,                0.46991,                0.25562,                0.90987,              0.0012465,              0.0012465,              0.0012465
                    132,                0.57498,                0.34508,                0.89594,                0.96461,                0.97474,                  0.995,                0.90102,                0.46947,                0.26153,                0.90606,              0.0012451,              0.0012451,              0.0012451
                    133,                0.59289,                0.37174,                0.94334,                 0.9799,                0.99715,                  0.995,                0.91967,                0.44292,                0.26446,                0.89926,              0.0012437,              0.0012437,              0.0012437
                    134,                0.60086,                0.38507,                0.93005,                0.98989,                0.97494,                  0.995,                0.90945,                0.46648,                0.28162,                0.89585,              0.0012423,              0.0012423,              0.0012423
                    135,                 0.5618,                0.36049,                0.89833,                0.98861,                0.94631,                0.97261,                0.89593,                0.42422,                0.29477,                0.87769,              0.0012408,              0.0012408,              0.0012408
                    136,                0.55424,                 0.3827,                 0.8762,                0.98914,                 0.9566,                  0.995,                0.91111,                0.44631,                0.26921,                0.88427,              0.0012394,              0.0012394,              0.0012394
                    137,                0.56664,                0.35084,                0.92004,                 0.9872,                      1,                  0.995,                 0.9125,                 0.4815,                0.25859,                0.90248,               0.001238,               0.001238,               0.001238
                    138,                0.55578,                0.34657,                0.91386,                0.99043,                      1,                  0.995,                0.92126,                0.47369,                0.25139,                 0.9068,              0.0012366,              0.0012366,              0.0012366
                    139,                0.52992,                0.33581,                0.86333,                0.99211,                      1,                  0.995,                0.93377,                0.46193,                0.24918,                0.90306,              0.0012352,              0.0012352,              0.0012352
                    140,                0.54909,                 0.3485,                0.89546,                0.97903,                 0.9997,                  0.995,                0.93183,                0.42321,                0.26109,                0.88573,              0.0012338,              0.0012338,              0.0012338
                    141,                0.54907,                 0.3475,                0.89853,                0.98648,                      1,                  0.995,                0.92791,                0.44691,                0.26358,                0.88914,              0.0012324,              0.0012324,              0.0012324
                    142,                0.56086,                0.34794,                0.91542,                0.99136,                      1,                  0.995,                0.91702,                0.44112,                0.25978,                0.88958,              0.0012309,              0.0012309,              0.0012309
                    143,                 0.5405,                0.32759,                0.87824,                0.99224,                      1,                  0.995,                0.91557,                 0.4671,                0.26157,                0.89967,              0.0012295,              0.0012295,              0.0012295
                    144,                0.52587,                 0.3355,                0.89304,                0.99256,                      1,                  0.995,                0.92814,                0.45069,                0.25398,                0.89087,              0.0012281,              0.0012281,              0.0012281
                    145,                0.53716,                0.34953,                0.92406,                0.99319,                      1,                  0.995,                 0.9178,                0.46548,                0.25192,                0.89065,              0.0012267,              0.0012267,              0.0012267
                    146,                0.55559,                0.33923,                0.89606,                0.98122,                      1,                  0.995,                0.91781,                0.46876,                0.27637,                0.88434,              0.0012253,              0.0012253,              0.0012253
                    147,                0.56425,                 0.3359,                0.90267,                0.99317,                      1,                  0.995,                 0.9269,                0.43855,                0.25468,                0.87913,              0.0012239,              0.0012239,              0.0012239
                    148,                0.55993,                0.33093,                0.87909,                0.98987,                      1,                  0.995,                 0.9018,                0.48082,                0.24794,                 0.8951,              0.0012225,              0.0012225,              0.0012225
                    149,                0.57607,                 0.3408,                0.91873,                0.99183,                      1,                  0.995,                0.88866,                0.49719,                0.27288,                0.90124,               0.001221,               0.001221,               0.001221
                    150,                0.53981,                0.33211,                0.89072,                0.99236,                      1,                  0.995,                0.92346,                0.44624,                0.25757,                0.88558,              0.0012196,              0.0012196,              0.0012196
                    151,                0.50791,                0.31582,                0.89851,                0.99175,                      1,                  0.995,                0.92378,                0.46593,                 0.2474,                0.88862,              0.0012182,              0.0012182,              0.0012182
                    152,                0.54414,                0.32147,                0.89161,                0.98652,                      1,                  0.995,                0.92533,                 0.4411,                0.24675,                0.88228,              0.0012168,              0.0012168,              0.0012168
                    153,                0.60041,                0.34141,                0.91962,                0.98065,                0.99565,                  0.995,                0.90304,                0.46762,                 0.2633,                0.88989,              0.0012154,              0.0012154,              0.0012154
                    154,                0.57592,                0.34075,                0.91182,                0.98914,                      1,                  0.995,                0.90637,                0.48636,                0.27586,                0.89236,               0.001214,               0.001214,               0.001214
                    155,                0.54419,                0.33849,                  0.896,                0.98682,                      1,                  0.995,                0.90347,                0.42499,                0.25366,                0.87638,              0.0012125,              0.0012125,              0.0012125
                    156,                 0.5267,                0.31846,                0.90075,                0.95362,                      1,                0.98894,                0.90934,                0.45146,                0.27541,                0.89159,              0.0012111,              0.0012111,              0.0012111
                    157,                 0.5407,                0.34089,                0.89074,                0.96373,                      1,                  0.995,                0.93043,                0.45391,                0.26259,                0.89573,              0.0012097,              0.0012097,              0.0012097
                    158,                0.53069,                0.32361,                0.89136,                0.97657,                      1,                  0.995,                0.91857,                0.45997,                0.24821,                0.89675,              0.0012083,              0.0012083,              0.0012083
                    159,                0.53631,                0.34655,                0.88544,                0.99177,                      1,                  0.995,                0.91466,                0.46474,                0.24529,                0.90066,              0.0012069,              0.0012069,              0.0012069
                    160,                0.57265,                0.37604,                0.90522,                0.99345,                      1,                  0.995,                0.92575,                0.44624,                0.26304,                0.89009,              0.0012055,              0.0012055,              0.0012055
                    161,                0.56559,                0.37862,                0.90315,                0.98854,                      1,                  0.995,                0.92147,                0.45638,                0.25333,                0.88853,              0.0012041,              0.0012041,              0.0012041
                    162,                0.54068,                0.33638,                0.90121,                0.98945,                      1,                  0.995,                0.92954,                0.42203,                0.24872,                0.88282,              0.0012026,              0.0012026,              0.0012026
                    163,                0.52845,                0.33219,                0.89765,                0.98967,                      1,                  0.995,                0.90536,                0.43877,                0.26704,                0.88845,              0.0012012,              0.0012012,              0.0012012
                    164,                0.51414,                0.33174,                 0.8936,                0.98729,                      1,                  0.995,                0.92148,                 0.4105,                0.24516,                0.88159,              0.0011998,              0.0011998,              0.0011998
                    165,                0.51183,                0.32937,                0.88558,                0.98718,                0.99757,                  0.995,                0.92659,                0.41517,                0.26967,                0.88232,              0.0011984,              0.0011984,              0.0011984
                    166,                0.50333,                0.32408,                0.88561,                0.98553,                      1,                  0.995,                0.92122,                0.42225,                0.27418,                0.88784,               0.001197,               0.001197,               0.001197
                    167,                0.56024,                0.34196,                0.91805,                0.98519,                      1,                  0.995,                0.91394,                0.45469,                0.26669,                 0.8994,              0.0011956,              0.0011956,              0.0011956
                    168,                0.54809,                0.34264,                0.90878,                0.98318,                      1,                  0.995,                 0.9181,                0.44538,                0.26685,                 0.8872,              0.0011942,              0.0011942,              0.0011942
                    169,                 0.5415,                0.32608,                0.88267,                0.98307,                0.99776,                  0.995,                0.94477,                0.43462,                0.26623,                0.89742,              0.0011927,              0.0011927,              0.0011927
                    170,                0.54303,                0.34253,                0.89402,                0.99049,                      1,                  0.995,                0.92768,                0.42691,                0.24931,                0.89593,              0.0011913,              0.0011913,              0.0011913
                    171,                0.53396,                0.32557,                0.89988,                 0.9904,                      1,                  0.995,                0.92238,                0.43846,                0.24915,                0.89412,              0.0011899,              0.0011899,              0.0011899
                    172,                0.55886,                0.36462,                 0.8901,                0.98665,                      1,                  0.995,                0.91206,                0.49061,                0.27353,                 0.9163,              0.0011885,              0.0011885,              0.0011885
                    173,                0.54471,                0.34415,                0.91398,                0.98962,                      1,                  0.995,                0.87763,                0.51587,                0.26627,                0.90926,              0.0011871,              0.0011871,              0.0011871
                    174,                0.51006,                0.31788,                0.87178,                  0.992,                      1,                  0.995,                 0.9198,                 0.4421,                0.25644,                0.89387,              0.0011857,              0.0011857,              0.0011857
                    175,                0.51917,                0.32087,                0.88959,                0.98818,                      1,                  0.995,                0.92597,                0.43661,                0.25156,                0.89475,              0.0011843,              0.0011843,              0.0011843
                    176,                0.58148,                0.32976,                0.90523,                0.98741,                      1,                  0.995,                0.94603,                0.42307,                0.25559,                0.89227,              0.0011828,              0.0011828,              0.0011828
                    177,                0.51886,                0.31629,                0.90636,                0.98655,                      1,                  0.995,                0.93231,                0.43727,                0.24997,                0.89095,              0.0011814,              0.0011814,              0.0011814
                    178,                0.48814,                0.29935,                0.85607,                0.99144,                      1,                  0.995,                0.92004,                0.46113,                0.24404,                0.90027,                0.00118,                0.00118,                0.00118
                    179,                0.52351,                0.30759,                0.87265,                0.99284,                      1,                  0.995,                0.91337,                0.46017,                0.24631,                0.90267,              0.0011786,              0.0011786,              0.0011786
                    180,                0.56185,                0.34198,                0.89943,                0.99017,                      1,                  0.995,                0.91974,                0.46925,                0.24352,                0.90702,              0.0011772,              0.0011772,              0.0011772
                    181,                 0.5147,                0.30945,                0.90535,                0.99007,                      1,                  0.995,                0.92934,                0.44847,                0.22216,                0.89444,              0.0011758,              0.0011758,              0.0011758
                    182,                0.53918,                0.33347,                0.88052,                0.97925,                 0.9968,                  0.995,                0.93674,                0.43369,                 0.2363,                0.87591,              0.0011744,              0.0011744,              0.0011744
                    183,                0.52727,                0.31851,                0.89752,                0.98829,                0.99903,                  0.995,                0.95772,                0.42688,                0.23615,                0.87331,              0.0011729,              0.0011729,              0.0011729
                    184,                0.49424,                0.30293,                0.88917,                 0.9936,                      1,                  0.995,                0.93635,                 0.4318,                0.24491,                0.87778,              0.0011715,              0.0011715,              0.0011715
                    185,                0.51668,                0.30769,                0.88267,                0.99577,                      1,                  0.995,                0.93102,                0.44847,                0.24721,                0.88857,              0.0011701,              0.0011701,              0.0011701
                    186,                0.55828,                0.33338,                0.90493,                0.99077,                      1,                  0.995,                0.91068,                0.46185,                0.24609,                0.89202,              0.0011687,              0.0011687,              0.0011687
                    187,                0.56702,                0.34196,                0.91265,                0.99058,                      1,                  0.995,                0.91481,                0.49726,                0.25716,                0.91316,              0.0011673,              0.0011673,              0.0011673
                    188,                0.54748,                0.32854,                   0.89,                0.99537,                0.99929,                  0.995,                0.92534,                0.45527,                0.25556,                0.89339,              0.0011659,              0.0011659,              0.0011659
                    189,                0.51839,                0.38381,                0.88172,                0.99233,                      1,                  0.995,                0.92104,                0.42486,                0.24687,                0.87637,              0.0011644,              0.0011644,              0.0011644
                    190,                0.49757,                0.31261,                0.88273,                0.96039,                      1,                0.99197,                0.92429,                0.44971,                0.24808,                0.88148,               0.001163,               0.001163,               0.001163
                    191,                0.49915,                  0.307,                0.89874,                0.99014,                      1,                  0.995,                 0.9112,                0.45599,                0.24776,                0.88614,              0.0011616,              0.0011616,              0.0011616
                    192,                0.49329,                 0.3126,                0.88684,                0.99323,                      1,                  0.995,                0.91866,                0.46357,                0.24518,                 0.8992,              0.0011602,              0.0011602,              0.0011602
                    193,                0.48968,                0.30827,                0.88366,                0.99244,                      1,                  0.995,                0.91347,                 0.4532,                0.23845,                0.89239,              0.0011588,              0.0011588,              0.0011588
                    194,                0.49372,                0.30199,                0.87317,                0.98854,                      1,                  0.995,                0.91286,                0.43291,                0.24187,                0.88388,              0.0011574,              0.0011574,              0.0011574
                    195,                0.50147,                0.30021,                0.88293,                0.97678,                0.99645,                  0.995,                0.91796,                0.45743,                 0.2663,                0.89793,               0.001156,               0.001156,               0.001156
                    196,                0.49219,                0.30763,                0.88088,                 0.9812,                0.99694,                  0.995,                0.92478,                0.42522,                0.25155,                0.88877,              0.0011545,              0.0011545,              0.0011545
                    197,                0.46672,                0.29037,                0.86404,                0.99169,                 0.9746,                  0.995,                0.92417,                0.43209,                 0.2559,                0.88889,              0.0011531,              0.0011531,              0.0011531
                    198,                0.52609,                0.32521,                0.87766,                0.98325,                0.98695,                  0.995,                0.90503,                0.45122,                0.26403,                0.88844,              0.0011517,              0.0011517,              0.0011517
                    199,                0.54243,                0.33776,                0.90221,                0.98205,                0.99607,                  0.995,                0.92502,                0.43657,                0.24647,                0.88077,              0.0011503,              0.0011503,              0.0011503
                    200,                0.50203,                0.30346,                0.87041,                0.98903,                      1,                  0.995,                0.93377,                0.42933,                0.23899,                0.87432,              0.0011489,              0.0011489,              0.0011489
                    201,                0.52015,                0.33434,                0.90796,                0.98029,                      1,                  0.995,                0.93309,                0.41736,                0.23752,                0.87004,              0.0011475,              0.0011475,              0.0011475
                    202,                0.48525,                0.31562,                0.88062,                0.99064,                      1,                  0.995,                0.92965,                0.42829,                 0.2512,                0.87352,              0.0011461,              0.0011461,              0.0011461
                    203,                0.48974,                0.29781,                0.87416,                0.99097,                      1,                  0.995,                0.92708,                0.41797,                0.24673,                0.87488,              0.0011446,              0.0011446,              0.0011446
                    204,                0.50888,                0.29931,                0.89149,                0.99187,                      1,                  0.995,                0.92592,                 0.4099,                0.23329,                0.87162,              0.0011432,              0.0011432,              0.0011432
                    205,                0.50869,                0.30717,                0.89082,                0.98818,                      1,                  0.995,                0.92082,                0.41845,                0.23994,                0.88432,              0.0011418,              0.0011418,              0.0011418
                    206,                0.51097,                0.31734,                0.88339,                0.98435,                      1,                  0.995,                0.92444,                0.45942,                0.26091,                0.89568,              0.0011404,              0.0011404,              0.0011404
                    207,                0.51274,                0.31612,                0.88639,                0.98093,                0.99508,                  0.995,                0.92741,                0.44745,                0.25267,                0.88982,               0.001139,               0.001139,               0.001139
                    208,                0.51769,                0.31017,                0.89073,                0.98692,                      1,                  0.995,                0.92919,                0.45587,                 0.2602,                0.89349,              0.0011376,              0.0011376,              0.0011376
                    209,                0.51063,                0.29763,                0.89341,                0.98227,                0.99552,                  0.995,                0.92178,                0.46342,                0.25664,                0.89444,              0.0011362,              0.0011362,              0.0011362
                    210,                0.52234,                0.30478,                0.88323,                0.97915,                0.99742,                  0.995,                0.92102,                0.43191,                0.25183,                0.88124,              0.0011347,              0.0011347,              0.0011347
                    211,                0.50044,                0.30412,                0.88265,                0.98807,                      1,                  0.995,                0.92254,                0.42917,                0.23524,                0.87898,              0.0011333,              0.0011333,              0.0011333
                    212,                0.53938,                0.31877,                0.90327,                0.99339,                      1,                  0.995,                0.93499,                0.44278,                0.22975,                0.88034,              0.0011319,              0.0011319,              0.0011319
                    213,                0.51913,                0.30888,                0.87992,                0.99425,                      1,                  0.995,                 0.9394,                0.44438,                0.23886,                 0.8814,              0.0011305,              0.0011305,              0.0011305
                    214,                0.48797,                0.30251,                0.86947,                0.98753,                      1,                  0.995,                0.93087,                0.43922,                0.25183,                0.88231,              0.0011291,              0.0011291,              0.0011291
                    215,                0.47419,                0.29561,                0.87369,                0.98286,                      1,                  0.995,                0.93334,                0.41553,                0.23597,                0.88376,              0.0011277,              0.0011277,              0.0011277
                    216,                 0.4845,                0.30803,                0.89265,                0.99088,                      1,                  0.995,                0.93392,                0.42153,                0.23183,                0.87529,              0.0011263,              0.0011263,              0.0011263
                    217,                0.48341,                0.29084,                0.87383,                0.99497,                      1,                  0.995,                0.93049,                0.43253,                0.23533,                0.87856,              0.0011248,              0.0011248,              0.0011248
                    218,                  0.473,                0.31324,                 0.8918,                0.98779,                      1,                  0.995,                0.93189,                0.41732,                 0.2388,                0.86809,              0.0011234,              0.0011234,              0.0011234
                    219,                0.49293,                0.30088,                0.87966,                0.98938,                      1,                  0.995,                0.92527,                 0.4208,                0.23918,                0.87147,               0.001122,               0.001122,               0.001122
                    220,                 0.5076,                0.30295,                0.88773,                0.98952,                      1,                  0.995,                 0.9155,                0.45398,                0.25401,                0.88826,              0.0011206,              0.0011206,              0.0011206
                    221,                0.46132,                0.29495,                0.85183,                0.98369,                      1,                  0.995,                0.94042,                0.43092,                0.22344,                0.87865,              0.0011192,              0.0011192,              0.0011192
                    222,                 0.4885,                0.30209,                0.88757,                0.99055,                      1,                  0.995,                0.93373,                0.43704,                0.24395,                 0.8828,              0.0011178,              0.0011178,              0.0011178
                    223,                0.47291,                 0.2967,                0.87405,                0.98952,                      1,                  0.995,                0.93297,                0.44841,                0.23213,                0.88553,              0.0011163,              0.0011163,              0.0011163
                    224,                0.49708,                 0.3051,                0.89308,                0.98672,                      1,                  0.995,                0.91637,                 0.4508,                0.23258,                 0.8872,              0.0011149,              0.0011149,              0.0011149
                    225,                0.48034,                0.30276,                0.87754,                 0.9923,                      1,                  0.995,                0.92023,                0.45622,                0.24271,                 0.8958,              0.0011135,              0.0011135,              0.0011135
                    226,                0.46996,                 0.3008,                0.87108,                0.99256,                      1,                  0.995,                0.92536,                0.44033,                0.23318,                  0.884,              0.0011121,              0.0011121,              0.0011121
                    227,                0.47309,                0.29587,                0.86815,                0.99266,                      1,                  0.995,                0.92917,                0.41622,                0.23794,                0.87308,              0.0011107,              0.0011107,              0.0011107
                    228,                0.46895,                0.29621,                0.86626,                0.98509,                      1,                  0.995,                0.93727,                0.43512,                0.23815,                 0.8782,              0.0011093,              0.0011093,              0.0011093
                    229,                0.52557,                0.30344,                0.88427,                0.99134,                0.99473,                  0.995,                0.93433,                0.44607,                0.24651,                0.88711,              0.0011079,              0.0011079,              0.0011079
                    230,                0.49104,                0.30564,                0.88045,                0.98905,                0.99245,                  0.995,                0.93145,                 0.4664,                0.26784,                0.89522,              0.0011064,              0.0011064,              0.0011064
                    231,                0.46584,                 0.2879,                0.86826,                0.97405,                0.96667,                0.99197,                0.92078,                0.48227,                0.30279,                0.89466,               0.001105,               0.001105,               0.001105
                    232,                 0.5212,                0.30772,                0.87817,                0.96804,                0.96667,                0.99197,                0.92003,                0.46421,                0.29558,                0.88665,              0.0011036,              0.0011036,              0.0011036
                    233,                0.49024,                0.29287,                0.89663,                0.97661,                0.96667,                0.99197,                0.92892,                0.42999,                0.26055,                0.87446,              0.0011022,              0.0011022,              0.0011022
                    234,                0.47415,                0.29368,                0.87469,                0.98512,                0.96667,                0.99197,                0.93738,                0.44553,                0.25211,                0.88199,              0.0011008,              0.0011008,              0.0011008
                    235,                0.50146,                0.30083,                0.87995,                0.98339,                0.98151,                  0.995,                 0.9189,                0.44254,                0.25449,                 0.8831,              0.0010994,              0.0010994,              0.0010994
                    236,                0.48515,                0.29814,                0.86913,                0.99021,                0.97616,                  0.995,                 0.9262,                 0.4229,                0.22921,                0.87849,               0.001098,               0.001098,               0.001098
                    237,                0.48978,                0.30402,                 0.8717,                0.97851,                0.99627,                  0.995,                0.93044,                0.42307,                 0.2355,                0.87477,              0.0010965,              0.0010965,              0.0010965
                    238,                0.47781,                0.33899,                0.84972,                0.97881,                0.99619,                  0.995,                 0.9106,                0.42086,                0.23963,                0.86973,              0.0010951,              0.0010951,              0.0010951
                    239,                0.48543,                0.29534,                0.88652,                0.97805,                0.99626,                  0.995,                0.92598,                0.42338,                0.24053,                0.87371,              0.0010937,              0.0010937,              0.0010937
                    240,                0.42892,                 0.2808,                0.85349,                0.98835,                0.96667,                0.99197,                0.92166,                0.41055,                0.24418,                 0.8684,              0.0010923,              0.0010923,              0.0010923
                    241,                0.47383,                0.29257,                0.86916,                 0.9574,                      1,                0.99197,                0.92652,                0.41522,                0.24981,                0.87247,              0.0010909,              0.0010909,              0.0010909
                    242,                0.44736,                0.28661,                0.86257,                0.95813,                0.99713,                0.99197,                0.92963,                0.42475,                0.24831,                0.87464,              0.0010895,              0.0010895,              0.0010895
                    243,                 0.4703,                 0.2903,                0.86575,                0.99188,                  0.978,                  0.995,                0.93438,                0.43128,                 0.2442,                0.87887,              0.0010881,              0.0010881,              0.0010881
                    244,                0.45602,                0.28205,                0.87202,                0.99012,                0.98269,                  0.995,                0.91032,                 0.4441,                0.23386,                0.88014,              0.0010866,              0.0010866,              0.0010866
                    245,                0.47975,                0.29067,                0.87632,                0.98919,                0.99851,                  0.995,                0.92433,                0.43243,                0.23841,                0.87565,              0.0010852,              0.0010852,              0.0010852
                    246,                0.46684,                0.29313,                0.86927,                0.99249,                0.99877,                  0.995,                 0.9265,                 0.4317,                0.21978,                0.87184,              0.0010838,              0.0010838,              0.0010838
                    247,                0.47555,                0.31296,                0.88945,                 0.9934,                0.99447,                  0.995,                0.91384,                0.41305,                0.23262,                0.86375,              0.0010824,              0.0010824,              0.0010824
                    248,                0.46786,                0.28883,                0.85753,                 0.9536,                0.99371,                0.99197,                 0.9364,                0.41491,                0.23944,                0.86519,               0.001081,               0.001081,               0.001081
                    249,                0.45195,                0.28827,                 0.8555,                0.94727,                0.99606,                0.99197,                0.93142,                0.40782,                0.23896,                0.86651,              0.0010796,              0.0010796,              0.0010796
                    250,                0.46966,                0.28311,                0.87751,                0.94988,                      1,                0.99197,                0.91704,                0.41277,                0.27098,                0.87332,              0.0010782,              0.0010782,              0.0010782
                    251,                 0.4516,                 0.2805,                0.86798,                0.95157,                      1,                0.99197,                0.93418,                0.40848,                0.25311,                0.87286,              0.0010767,              0.0010767,              0.0010767
                    252,                0.44967,                0.28265,                0.87343,                0.95387,                      1,                0.99197,                0.93555,                0.40795,                0.23922,                0.87615,              0.0010753,              0.0010753,              0.0010753
                    253,                0.46515,                0.29144,                0.87509,                0.96484,                      1,                  0.995,                 0.9195,                0.41082,                 0.2451,                 0.8713,              0.0010739,              0.0010739,              0.0010739
                    254,                 0.4743,                0.30522,                0.88727,                0.98399,                      1,                  0.995,                0.93138,                0.42679,                0.23435,                0.87461,              0.0010725,              0.0010725,              0.0010725
                    255,                0.45933,                0.28086,                0.86164,                 0.9948,                      1,                  0.995,                0.93357,                0.41916,                0.23573,                0.87105,              0.0010711,              0.0010711,              0.0010711
                    256,                0.44741,                0.27509,                0.85846,                0.99317,                      1,                  0.995,                0.93585,                0.39729,                0.23136,                0.86695,              0.0010697,              0.0010697,              0.0010697
                    257,                0.47206,                0.29143,                0.86441,                0.99391,                      1,                  0.995,                0.93881,                0.39722,                0.21598,                0.86541,              0.0010682,              0.0010682,              0.0010682
                    258,                0.45759,                0.28846,                0.86631,                0.99389,                      1,                  0.995,                0.94172,                0.39615,                0.21699,                0.86648,              0.0010668,              0.0010668,              0.0010668
                    259,                0.44748,                 0.2775,                0.86552,                0.99193,                      1,                  0.995,                 0.9184,                0.42345,                0.22411,                0.87746,              0.0010654,              0.0010654,              0.0010654
                    260,                0.47279,                0.29182,                0.87064,                0.99186,                      1,                  0.995,                0.93594,                0.44026,                0.23778,                0.87949,               0.001064,               0.001064,               0.001064
                    261,                0.42978,                0.27752,                0.87293,                0.99226,                      1,                  0.995,                 0.9332,                0.42601,                0.22503,                0.88256,              0.0010626,              0.0010626,              0.0010626
                    262,                0.45736,                0.29111,                0.87014,                0.98835,                      1,                  0.995,                0.93706,                0.41818,                0.22247,                0.87771,              0.0010612,              0.0010612,              0.0010612
                    263,                0.48951,                0.30362,                0.88886,                0.98709,                      1,                  0.995,                 0.9277,                0.43584,                0.24067,                0.88484,              0.0010598,              0.0010598,              0.0010598
                    264,                0.42995,                0.27035,                0.85414,                0.99101,                      1,                  0.995,                 0.9114,                0.46091,                0.24803,                0.89284,              0.0010583,              0.0010583,              0.0010583
                    265,                0.45424,                 0.2833,                0.87284,                0.99367,                      1,                  0.995,                0.93099,                0.45325,                0.23433,                0.88762,              0.0010569,              0.0010569,              0.0010569
                    266,                0.44579,                 0.2815,                0.88708,                0.99384,                      1,                  0.995,                0.93755,                0.42912,                0.21338,                0.87963,              0.0010555,              0.0010555,              0.0010555
                    267,                0.44505,                 0.2813,                0.87525,                0.99239,                      1,                  0.995,                0.94805,                0.39856,                0.21785,                0.87131,              0.0010541,              0.0010541,              0.0010541
                    268,                0.45299,                0.27922,                0.85064,                0.99286,                      1,                  0.995,                0.94149,                0.41354,                0.22239,                0.87591,              0.0010527,              0.0010527,              0.0010527
                    269,                0.46686,                0.28624,                0.86783,                0.99279,                      1,                  0.995,                0.94496,                0.41348,                0.26082,                0.87893,              0.0010513,              0.0010513,              0.0010513
                    270,                0.44519,                 0.2727,                0.87147,                0.99357,                      1,                  0.995,                0.93267,                0.42917,                0.22754,                  0.875,              0.0010499,              0.0010499,              0.0010499
                    271,                0.43583,                0.27317,                0.86028,                0.99378,                      1,                  0.995,                0.93902,                0.42223,                0.21675,                0.87014,              0.0010484,              0.0010484,              0.0010484
                    272,                0.42784,                0.26548,                 0.8827,                0.99301,                      1,                  0.995,                 0.9401,                0.39784,                0.21357,                0.86132,               0.001047,               0.001047,               0.001047
                    273,                 0.4352,                0.28683,                0.85075,                0.99279,                      1,                  0.995,                0.94251,                0.37903,                0.21954,                0.85925,              0.0010456,              0.0010456,              0.0010456
                    274,                0.42558,                 0.2706,                0.86624,                0.99236,                      1,                  0.995,                0.95012,                0.38873,                0.22228,                0.86247,              0.0010442,              0.0010442,              0.0010442
                    275,                0.43744,                0.28084,                0.87095,                0.99338,                      1,                  0.995,                0.94553,                0.40139,                0.21992,                0.86564,              0.0010428,              0.0010428,              0.0010428
                    276,                0.41514,                0.26594,                0.85165,                0.99461,                      1,                  0.995,                0.93034,                0.40967,                0.21492,                0.86911,              0.0010414,              0.0010414,              0.0010414
                    277,                 0.4322,                 0.2733,                0.86398,                 0.9933,                      1,                  0.995,                 0.9318,                 0.4045,                0.22289,                0.86734,                0.00104,                0.00104,                0.00104
                    278,                0.44786,                0.29433,                0.85374,                0.99172,                      1,                  0.995,                0.92657,                0.43282,                0.21306,                0.87971,              0.0010385,              0.0010385,              0.0010385
                    279,                0.43624,                 0.2739,                0.85192,                0.99451,                      1,                  0.995,                0.93163,                0.42065,                0.23224,                0.87414,              0.0010371,              0.0010371,              0.0010371
                    280,                0.46808,                0.28548,                0.87549,                0.99442,                      1,                  0.995,                0.91945,                0.44653,                 0.2273,                0.88078,              0.0010357,              0.0010357,              0.0010357
                    281,                0.44038,                0.26167,                 0.8617,                0.99177,                      1,                  0.995,                0.93048,                0.44422,                0.22622,                0.88634,              0.0010343,              0.0010343,              0.0010343
                    282,                0.43237,                0.26548,                0.86196,                0.99274,                      1,                  0.995,                0.91595,                0.44616,                0.22135,                0.88914,              0.0010329,              0.0010329,              0.0010329
                    283,                0.45796,                0.28481,                0.85524,                0.99428,                      1,                  0.995,                0.92815,                0.44255,                 0.2341,                0.88613,              0.0010315,              0.0010315,              0.0010315
